licenses.csv,
mf_vista-sys,mit
mfcore-sys,mit
mfuuid-sys,mit
mfplay-sys,mit
mfplat_vista-sys,mit
mfplat-sys,mit
mfsrcsnk-sys,mit
mf-sys,mit
mfreadwrite-sys,mit
abseil,mit
abomonation,mit
abort_on_panic,unlicense
hkdf,mit
hkt_macros,mit
cassandra,apache-2.0
carbon,mit
carboxyl_time,lgpl-3.0+
carboxyl,lgpl-3.0+
carboxyl_window,lgpl-3.0+
camera_controllers,mit
caseless,mit
case,mit
calculator,mit
calc,mit
cairo-sys-rs,mit
cairo-rs,mit
cairo-sys,mit
cairo,cc0-1.0
capstone,mit
capsize,mit
capture,mit
cargo-lipo,mit
cargo-ship,mit
cargo-add,apache-2.0/mit
cargo-crusader,mit/apache-2.0
cargo-watch,cc0-1.0
cargo-do,mit
cargo,mit/apache-2.0
cargo_rub,mit
cargo-open,mit/apache-2.0
cargo-vendor,mit/apache-2.0
cards,mit
cabinet-sys,mit
catapult,mit
caribon,gpl-2.0+
capnpc,mit
capnp,mit
capnp-rpc,mit
capgun,mit
capi,bsd-2-clause
sysinfo,lgpl-3.0+
syslog,mit
sysly,mit
syntex_fmt_macros,mit/apache-2.0
syntex_bitflags,mit/apache-2.0
syntex,mit/apache-2.0
synth,mit
syntex_syntax,mit/apache-2.0
syntax_ast_builder,mit/apache-2.0
syntaxext_lint,mit
syndication,mit
systemd-dbus,apache-2.0
systemd,lgpl-2.1+
sys-info,mit
sys-info-rs,mit
synchronization-sys,mit
syncbox,mit
sysfs_gpio,mit/apache-2.0
sysconf,apache-2.0
syscall,mit/apache-2.0
symbolic_polynomials,gpl-3.0+
synapse,mit
gdal,mit
gdi32-sys,mit
gdk-sys,mit
gdk-pixbuf-sys,mit
gdiplus-sys,mit
gdl-parser,mit
cql_bindgen,apache-2.0
cql_ffi,apache-2.0
cql-rust,mit
cql-ffi-safe,apache-2.0
ssap,agpl-3.0
ssmp,mit
ssmtp,non-standard
ssdpapi-sys,mit
ssdp,mit
ssh2,mit/apache-2.0
zookeeper,mit
zombie,bsd-3-clause
l20n,apache-2.0
small-logger,non-standard
smallvec,mpl-2.0
small-deployer,mit
smith_waterman,non-standard
smtp,mit
faultrep-sys,mit
falcon,mit
fast_brainfuck,mit
fast-math,mit/apache-2.0
fastcgi,mit
farmhash,mit
faker,mit/apache-2.0
fann-sys,lgpl-3.0
fann,lgpl-3.0
rlite,non-standard
rlibc,mit/apache-2.0
rl-sys,mit
mort,mit
mozrunner,mpl-2.0
motor,mpl-2.0
mopa,mit/apache-2.0
mozjpeg-sys,ijg
modifier,mit
mod_path,mit
mod_exp,mit
move-acceptor,
movecell,apache-2.0 / mit
mockstream,mit
mozprofile,mpl-2.0
monitor,non-standard
monitor_rs,non-standard
mousemove,unlicense
monad_macros,mit
monad,mit
monoid,mit
morphism,mit
mongo_rub,mit
mongodb,apache-2.0
mongo,apache-2.0
mongo-rs,mit
mongo-sys,mit
mount,mit
modulo,mit
gpx_reader,mit/bsd-2-clause
gpedit-sys,mit
gpgme-sys,lgpl-2.1
gpgme,lgpl-2.1
gpg-error,lgpl-2.1
gpmuuid-sys,mit
ease,mit
easing,lgpl-2.0+
easter,mit
eappcfg-sys,mit
eappprxy-sys,mit
easregprov-sys,mit
rtrace,bsd-3-clause
rtlsdr,mit
rtm-sys,mit
rtutils-sys,mit
rtworkq-sys,mit
rblas,mit
skeptic,mit/apache-2.0
sketchy,apache-2.0
skeletal_animation,mit
skia,mpl-2.0
skip32,non-standard
skiplist,mit
macaroons,mit
marc,mit
magic-sys,mit
magic,mit
malloc_buf,mit
math3d,mit
math,mit
maybe_utf8,mit
maud_macros,mit/apache-2.0
maud,mit/apache-2.0
maidsafe_vault,gpl-3.0
maidsafe_sodiumoxide,mit
maidsafe_client,gpl-3.0
maidsafe_types,gpl-3.0
maplit,mit/apache-2.0
magnification-sys,mit
markdown,mit
marksman_escape,isc
mark,apache-2.0
marksman,isc
markov,cc0-1.0
matchdb,non-standard
matches,mit
many2many,mit
maxminddb,isc
matrixgraph,mit/apache-2.0
matrix,mit
machine,mit
mach,bsd-2-clause
marpa,mit
mapi32-sys,mit
almost_ord,mit/apache-2.0
allegro_acodec,zlib
allegro_ttf-sys,zlib
allegro_font-sys,zlib
allegro_font,zlib
allegro_util,zlib
allegro_dialog,zlib
allegro_audio-sys,zlib
allegro_examples,zlib
allegro_dialog-sys,zlib
allegro_image-sys,zlib
allegro,zlib
allegro_primitives-sys,zlib
allegro_acodec-sys,zlib
allegro_audio,zlib
allegro-sys,zlib
allegro_ttf,zlib
allegro_image,zlib
allegro_primitives,zlib
alfred,mit
alpaca,mit
aleph,
algebra,
algebloat_macros,lgpl-3.0
algebloat,lgpl-3.0
alsa-sys,mit
alsa,apache-2.0/mit
alink-sys,mit
aloft,mit
alias,mit/apache-2.0
alloy,mpl-2.0
allocator,mit/apache-2.0
algs4,mit
html,mit
html5ever_macros,mit / apache-2.0
html5ever,mit / apache-2.0
htmlstream,mit
html5ever_dom_sink,mit / apache-2.0
html5ever_test_util,mit / apache-2.0
htmlhelp-sys,mit
http2parse,mit
http2,mit
http_headers,
http-muncher,mit
http,mit
httparse,mit
httpapi-sys,mit
http_parser,mit
humpty_dumpty,mpl-2.0
hueclient,wtfpl
mm_video,zlib
mmdevapi-sys,mit
mmap,mit
mmc-sys,mit
mmslice,mit
mm_math,zlib
mm_image,zlib
iesetup-sys,mit
iepmapi-sys,mit
ieee754,mit/apache-2.0
hotspot,mit
holdem,mit
hoedown,bsd-3-clause
horrorshow,mit/apache-2.0
hoare,
hound,apache-2.0
otpauth,mit
ggp-rs,mit
draw_queue,apache-2.0
draw_state,apache-2.0
drttransport-sys,mit
dribble,mit
drive,gpl-3.0
drtprov-sys,mit
drt-sys,mit
drossel,mit
drossel-journal,mit
quaternion,mit
quire,mit
quadratic,mit
quasi_macros,mit/apache-2.0
quasi_codegen,mit/apache-2.0
quasi,mit/apache-2.0
qutil-sys,mit
query-sys,mit
queryst,mit
quant,mit
quickcheck_macros,unlicense/mit
quick-error,mit
quickersort,apache-2.0
quicksort,mpl-2.0
quickcheck,unlicense/mit
quartz-sys,mit
quack,mit
fdstream,mit
fdringbuf,apache-2.0/mit
vorbis,apache-2.0
vorbis-sys,mit
vorbisfile-sys,mit
vorbisfile,isc
vodk_data,mit
vodk_math,mit
void,mit
volume,mit
portaudio,mit
portabledeviceguids-sys,mit
porthole,mit
portmidi,mit
porter2,mit
posix-ipc,mit
posix,non-standard
poglgame,mit
postgres_macros,mit
postscript,mit
postgres-binary-copy,mit
postgres_large_object,mit
postgres,mit
postgis,mit
postgres_range,mit
postgres_array,mit
podio,mit
pool,mit
power-assert,mit
poisson,mit
poison-pool,mit
pocket,mit
pocket-resources,mit
pokerhandrange,mit
pokereval,mit
pokerlookup,gpl-3.0+
pop3,mit
poly2tri,bsd-3-clause
polynomial,mit
polymap,mit/apache-2.0
powrprof-sys,mit
mecab,mit
message_filter,gpl-3.0
message_bus,mit
memory-pool,mit
memory_map,gpl-3.0
memoirs,mit
memalloc,mit
memmap,mit/apache-2.0
megam_api,apache-2.0
megam_rustyprint,apache-2.0
mersenne_twister,apache-2.0
memstream,mit
media-types,mit
measurements,mit
memcache,mit
memcached-rs,mit
memchr,unlicense/mit
memcmp,mit
meta,mit
metafactory,mit
meta_diff,gpl-3.0+
metaheuristics,gpl-3.0
metal,mit
metagener,apache-2.0
metaflac,mit
metallurgy,bsd-2-clause
membuf,mit
metrics,apache-2.0
melvin,mpl-2.0
lzma,wtfpl
lzma2,wtfpl
lz32-sys,mit
lz4-rs,mit
rcmark,apache-2.0/mit
rcap,apache-2.0
rclist,mit
rchat,mit
rc_arena,mit
rcon,mit
rctree,mit
rcmut,mit
rcref,mit / apache-2.0
hypr,mit
hyper-router,mit
hyper,mit
hyperloglog,isc
hyperdex,bsd-2-clause
snappy_framed,mit
snappy,mit
snmpapi-sys,mit
snzip,wtfpl
snooze-rs,apache-2.0
snowflake,mit
yup-hyper-mock,mit
yup-oauth2,mit
gimei,mit
gio-sys,mit
github,mit
gitignore,mit
git-hive-protocol,wtfpl
git2,mit/apache-2.0
git2-curl,mit/apache-2.0
git_ignore,mit
dev_menu,mit
dense_mats,mit
demon,mit
deque_cell,mit/apache-2.0
deque,non-standard
detect,mit
decode,mit
devmgr-sys,mit
deuterium,mit
deuterium_plugin,mit
deuterium_orm,mit
devenum-sys,mit
devicemapper,mpl-2.0
deviceaccess-sys,mit
derive_rand,mit/apache-2.0
debug_unreachable,mit
debug-builders,mit/apache-2.0
debug-cell,mit/apache-2.0
debugln,mit
devboat-docker,cc-by-nc-4.0
cyborg,mit
apns,apache-2.0
approvals,mit
appcore_plugin,lgpl-3.0
appcore,lgpl-3.0
appcore_shared,apache-2.0
apidll-sys,mit
appmgmts-sys,mit
appmgr-sys,mit
appendbuf,mit
apply,non-standard
apply_pub,mit
appnotify-sys,mit
api-ms-win-net-isolation-l1-1-0-sys,mit
llvm,mit
llvm-sys,mit
llvmint,mit/apache-2.0
llvm-alt,bsd-3-clause
llvm-alt-sys,mit
llamadb,mit
tspubplugincom-sys,mit
tsec-sys,mit
uchardet-sys,unlicense/mpl-1.1/mit
uchardet,unlicense
ucontext,mit
session_types,mit
sens-sys,mit
sensorsapi-sys,mit
sensapi-sys,mit
sema,mit
sequence_trie,mit
setupapi-sys,mit
secstr,unlicense
sentinel,gpl-3.0
selecta,mit
select,mit
selectors,mit
selective_middleware,non-standard
select_color,mit
sendfile,apache-2.0/mit
sendmail,non-standard
separator,mit
se_rs_ial,mit
servo,mpl-2.0
secur32-sys,mit
security-sys,mit
segmenttree,mit
self_encryption,gpl-3.0
serde_json,mit/apache-2.0
serde_macros,mit/apache-2.0
serde_codegen,mit/apache-2.0
serde,mit/apache-2.0
serial,mit
serial-win,mit
search,mit
searchsdk-sys,mit
seax_scheme,mit
seax,mit
seax_util,mit
seax_svm,mit
secp256k1,cc0-1.0
secrets,mit
secret,mit
secret-sys,mit
sel4-sys,mit/apache-2.0
semver,mit/apache-2.0
tz-search,apache-2.0
dhcpcsvc-sys,mit
dhcp_parser,mit
dhcpsapi-sys,mit
dhcpcsvc6-sys,mit
jlens,bsd-2-clause
gbm-rs,mit
jetscii,mit
jetoledb-sys,mit
lmdb-sys,apache-2.0
lmdb,apache-2.0
lmdb-rs,mit
tensor,unlicense
temperature,mit
tempfile,mit/apache-2.0
tempel,mit
temp_utp,mit/apache-2.0
tempan,mit
tempdir,mit/apache-2.0
temporary,mit
telegram-bot,mit
tendril,mit/apache-2.0
test_crate_firewall_gzip_problem,mit
term,mit/apache-2.0
term_grid,mit
terminal,apache-2.0
terminal_cli,mit/apache-2.0
terminal_thrift,mit
termbox,zlib
termbox-sys,mit
termios,mit
term-painter,mit
termios-sys,mit
terminal_size,mit
text_writer,mit
text,mit
text-diff,mit
text_table,mit
textnonce,mit
texture_packer,mit
text_io,non-standard
tenacious,mpl-2.0
xolehlp-sys,mit
c-ares,mit
c-ares-sys,mit
uxtheme-sys,mit
nl80211rs,isc
cocaine,mit
consul,mit
constant_time_eq,cc0-1.0
construct,mit
conshash,mit
cons-list,mit/apache-2.0
cosmo,apache-2.0
cosmos,apache-2.0
comonoid,mit
cortex,gpl-3.0
coalesce,mit
comm,mit
commandext,mit
codegenta,mit
coap,mit
cookie,mit/apache-2.0
cookies,mit
cooks,mit
collect,mit/apache-2.0
collada,mit
collection_traits,cc0-1.0
collision,apache-2.0
collection_macros,mit
couchdb,mit
cocoa,mit / apache-2.0
cohle,
complex,mit
compiletest_rs,apache-2.0/mit
compstui-sys,mit
comppkgsup-sys,mit
computer,mit
compute,mit
compress,mit/apache-2.0
compare,mit/apache-2.0
compass-sprite,mit
compile_msg,mit/apache-2.0
com-rs,mit
conhash,mit
convertible,
conv,mit
containerof,mit
context,mit/isc
comsvcs-sys,mit
conduit,mit
conduit-conditional-get,mit
conduit-middleware,mit
conduit-cookie,mit
conduit-json-parser,mit
conduit-utils,mit
condition_variable, gpl-2.0
conduit-mime-types,mit
conduit-router,mit
conduit-git-http-backend,mit/apache-2.0
condvar,gpl-2.0
conduit-log-requests,mit
conduit-test,mit
conduit-static,mit
comdlg32-sys,mit
codifyle,mit
coyoneda,mit
copperline,mit
concat,mit
concat_bytes,mit
conrod,mit
cobalt,mit
comctl32-sys,mit
correngine-sys,mit
corguids-sys,mit
combinadics,mit
combine,mit
combine-language,mit
coinbaser,mit
coinaddress,mit
confusion,mit
config,mit
confsolve,bsd-3-clause
connected_socket,gpl-2.0
cobs,mit
cowrc,mit
columnar,mit
color,
colorhash256,unlicense
colors,mit
color_quant,mit
core-nightly,mit/apache-2.0
core-utils,gpl-3.0
core-graphics,mit / apache-2.0
core-text,mit
corefoundation-sys,mit
coreaudio-sys,mit
core-foundation,mit / apache-2.0
coreaudio-rs,mit
cogset,mit/apache-2.0
coroutine-rs,mit/isc
coroutine,mit/isc
copypasteck,mit/apache-2.0
copy_arena,mit
breakpoint,bsd-3-clause
bread,gpl-3.0
bridge,mit
brainfuck_macros,mit/apache-2.0
browser,mit
n-tree,
silkbag,mit
sigar,mit
simple_csv,mit
simplemad,mit
simplesched,mit
simple_gaussian,mit
simple-stream,mpl-2.0
simple,zlib
simple-cgi,mit
simple_logger,mit
simpleflake,mit
simple_stats,mit
simple_parallel,mit/apache-2.0
simdop,mit
simdty,mit/apache-2.0
simd,apache-2.0/mit
signal,mit
sisbkup-sys,mit
siphash,mit
silverknife,mit
kwarg_macros,lgpl-3.0
cmail,unlicense/mit
cmake,mit/apache-2.0
cmacros,mit
dnssd,mit
dnslib-sys,mit
dnstimeout,mit
dnscrcli-sys,mit
dnsrpc-sys,mit
dnsrslvr-sys,mit
dnsapi-sys,mit
dnsperf-sys,mit
dns2,mit
hlua,mit
hlink-sys,mit
lru_time_cache,gpl-3.0
lru-cache,mit/apache-2.0
lru2,mit
automata,mit
automaton,mit
autollvm,ncsa
authz-sys,mit
aux_ulib-sys,mit
austenite,apache-2.0
audioeng-sys,mit
audiobaseprocessingobject-sys,mit
audiomediatypecrt-sys,mit
audio,mit
augeas_sys,mit
aurelius,mit
ammonia,apache-2.0
amstrmid-sys,mit
ampify,non-standard
amqp,mit/bsd-2-clause
protobuf,mit/apache-2.0
proc,mit/apache-2.0
process,mit
procinfo,mit/apache-2.0
procure,apache-2.0
prntvpt-sys,mit
probability,mit
probe,apache-2.0/mit
probe-c-api,apache-2.0
probor,mit
prctl,mit
proj,apache-2.0
promise,mit
propsys-sys,mit
primes,bsd-3-clause
primal-bit,mit/apache-2.0
primal-slowsieve,mit/apache-2.0
primal-check,mit/apache-2.0
primal-sieve,mit/apache-2.0
primapalooza,mit
primal-estimate,mit/apache-2.0
primal,mit/apache-2.0
prettytable-rs,bsd-3-clause
pretty,mit
typeable,mit
type-level,mit
typedopts,mit
typed-arena,mit
typemap,mit
typedef,mit
type-nats,mit
typekit,mit
type_printer,unlicense
tylar,mit
slab,mit
slabmalloc,mit
slc-sys,mit
slr_lexer,lgpl-3.0
slr_config,lgpl-3.0
slcext-sys,mit
slsr,mit
slug,mit/apache-2.0
slag,mit
slwga-sys,mit
slow_primes,mit/apache-2.0
slack,apache-2.0
slack-hook,mit/apache-2.0
glmf32-sys,mit
glr-parser,mit
gleam,apache-2.0
glslang-sys,mit
glyph_packer,mit
glfw,apache-2.0
glfw-sys,zlib/libpng
glpk-sys,gpl-3.0
glutin,apache-2.0
glutin_core_foundation,mit
glutin_core_graphics,mit
glutin_cocoa,mit
gl_common,apache-2.0
glob,mit/apache-2.0
globule,mit
glib-sys,mit
glib-2_0-sys,lgpl-2.1+
glib,mit
glu32-sys,mit
glium_macros,
glium_text,mit
glium,apache-2.0
glium_sdl2,mit
gluster,mit
glm_color,mit
gl_generator,apache-2.0
wdsmc-sys,mit
wdstptc-sys,mit
wdsclientapi-sys,mit
wdsbp-sys,mit
wdspxe-sys,mit
winscard-sys,mit
winstrm-sys,mit
winspool-sys,mit
winsta-sys,mit
winsatapi-sys,mit
wiautil-sys,mit
winhttp-sys,mit
wintrust-sys,mit
windows-ui-sys,mit
windowssideshowguids-sys,mit
windows-networking-sys,mit
windowscodecs-sys,mit
windows-data-pdf-sys,mit
winusb-sys,mit
wiaservc-sys,mit
winrt,mit/apache-2.0
winreg,mit
win32_filetime_utils,apache-2.0
winbio-sys,mit
wininet-sys,mit
wiringpi,mit
winfax-sys,mit
wiaguid-sys,mit
winapi-build,mit
winapi,mit
winmm-sys,mit
wire,mit
topological-sort,mit
tozny_auth,mit
toml,mit/apache-2.0
tofu,agpl-3.0
touptek,mit
tomson,mit
tojson_macros,mit
token,mit
topdown-rs,mit
torrc,mit/apache-2.0
toxcore-sys,mit
tobj,mit
xpsprint-sys,mit
theater,mit
thrust,mit
this-should-be-deleted,
thread-scoped,mit/apache-2.0
threadpool,mit/apache-2.0
thread,mit
thread_isolated,mit
threed-ice-sys,mit
threatbutt,mit
threed-ice,mit
thunk32-sys,mit
throw,mit
bluetoothapis-sys,mit
block_allocator,non-standard
block,mit
blas,mit
blas-sys,mit
blist,mit/apache-2.0
blaze,mit
bloodhound,non-standard
bloomfilter,isc
bloom,gpl-2.0
blake2-rfc,mit
blosc-sys,bsl-1.0
rarathon,mit
ramp,apache-2.0
raft,mit
rand_macros,mit/apache-2.0
rand,mit/apache-2.0
random,mit
randomkit,mit/bsd-3-clause
rand-mersenne-twister,mit
random-wheel,aml
radix_trie,mit
radix_sort,mit
rasdlg-sys,mit
raisin,apache-2.0
racer,mit
raven,mit
rasuser-sys,mit
rasapi32-sys,mit
rasputin,apache-2.0
rainbow,isc
raw-vec,mit/apache-2.0
raw-cpuid,mit
racc,mit
range,mit
dloadhelper-sys,mit
dlib,mit
oath,mit
oatmeal_raisin,mit
oauth2,mit/apache-2.0
oauth-client,mit
oauthcli,wtfpl
oak_runtime,apache-2.0
fwdlist,mit
fwpuclnt-sys,mit
zlib-src-sys,non-standard
zlib-sys,bsd-2-clause
zlib,mit
game,mit
game2048,mit
gapbuffer,lgpl-3.0+
gaussian,mit
pkg-config,mit/apache-2.0
tdh-sys,mit
better_range,mit
bencoders,mit
bencode-decoder,mit
bencode,mit/apache-2.0
beanstalkd-cli,mit
beanstalkd,mit
beehave,mit
bear,bsd-2-clause
shapefile,apache-2.0
shcore-sys,mit
shaman,mit/apache-2.0
shlwapi-sys,mit
shutdown_hooks,mit
shlex,mit/apache-2.0
shoggoth_macros,mit
shoggoth,mit
shader_version,mit
shuffled-iter,mit
sha1-hasher,bsd-3-clause
sha1,bsd-3-clause
sha1-hasher-faster,bsd-3-clause
shiny,apache-2.0
shfolder-sys,mit
shared_library,apache-2.0/mit
shared_slice,mit/apache-2.0
shell32-sys,mit
shell,mit
shdocvw-sys,mit
show,mit
shiplift,mit
qrcode,apache-2.0
qregister,cc0-1.0
esprit,mit
esent-sys,mit
estree,mit
lcov-parser,mit
tuntap, gpl-2.0
rush,mit
rump,mit
runtimeobject-sys,mit
rules,unlicense/mit
rust_rub,mit
rustc-serialize,mit/apache-2.0
rusted_minecraft,mit
rusted_cypher,mit
rustic-io,mit
rustler,bsd-2-clause
rustfft,mit
rust-tfidf,mit
rustin,mit
rust-tcl-sys,mit
rust-netmap,bsd-2-clause
rust-nntp,mit
rustlex_codegen,mit
rustml,mit/apache-2.0
rust-forms,non-standard
rust-rethinkdb,mit
rust-crypto,mit/apache-2.0
rust-shapefile,apache-2.0
rustnet,mit
rustbar,mit
rust-assimp,mit
rust_fluent,mit/apache-2.0
rustbook,apache-2.0
rusty-tags,bsd-3-clause
ruster,mit/apache-2.0
rust-base58,mit/apache-2.0
rust,mit
rust-graph,mit
rust-portaudio,mit
rust-gsl,gpl-3.0+
rust_mpi,mit
rust-turbo,apache-2.0
rustfmt,apache-2.0
rustfm,wtfpl
rust_mixin,mit/apache-2.0
rust-gmp,non-standard
rust-iteratorcomprehensions,mit
rust-sqlite,mit
ruststalk,mit
rust-freqdist,mit
rust_hamming_distance,mit
rustssl,bsd-2-clause
rustcov,mit
rustyline,mit
rust-htslib,mit
rusty,mit
rust-tcl,mit
rustache,mit
rust_win32error,apache-2.0
rustful,mit
rusty-peg,unlicense
rustspec_assertions,mit
rust-sctp,mit
rustspec,mit
rust-bindgen,bsd-3-clause
rust_erl_ext,apache-2.0
rust-mustache,mit/apache-2.0
rusty-cute-macros,mit
rustclient,mit
rust-mdbm,mit/apache-2.0
rustyemitter,mit
rust-termios,mit
rustless,mit
rust_events,apache-2.0
rust-pm,mit
rust-mpfr,mit
rust-cleverbot,wtfpl
rust_cli,apache-2.0
rust_combinatorics,mit
rustorm,mit
rustlex,mit
rustc_version_runtime,mit
rust-dpdk,bsd-3-clause
rust-xml,
rustc_version,mit
rust-beanstalkd,mit
rustbox,mit
rustyxml,mit
ruster_unsafe,mit/apache-2.0
rustyham,mit
rust-xmlrpc,mit/apache-2.0
rust_ci,apache-2.0
rust-ini,mit
rustty,mit
rustle,mit
rustcode,non-standard
rust-eze,mit
rust-github,mit
rusoto,mit
rusql,mit
rusqlite,mit
rula,mit
rumblebars-rustlex,mit
rumblebars-rustlex_codegen,mit
rumblebars,mit/apache-2.0
ruin,apache-2.0
ruby-mri,mit
rung_vm,bsd-2-clause
ruroonga,non-standard
zeromq,mpl-2.0
mpr-sys,mit
mp4parse,mpl-2.0
mprapi-sys,mit
mprsnap-sys,mit
mpfr,mit
mpfr-sys,lgpl-3.0
mpack,mit
atty,mit
atom,apache-2.0
atom_syndication,apache-2.0
atomic-option,mit
atomicwrites,mit
atk-sys,mit
i3ipc,mit
fnconcat,isc
fn_box,cc0-1.0
fnvhash,mit/apache-2.0
pcapng,mit
pcap,mit
pcre,mit/apache-2.0
vgrs,mpl-2.0-no-copyleft-exception
vgmdb-rust,apache-2.0
vgmdb,apache-2.0
ldap,mit
mqrt-sys,mit
mqoa-sys,mit
qdowncast,cc0-1.0
wlanapi-sys,mit
wlanui-sys,mit
wldap32-sys,mit
rscam,mit
rs-es,apache-2.0
rsnl,mit
rsfuzzy,apache-2.0
rsmtp,apache-2.0
rshark,apache-2.0
rstrtmgr-sys,mit
dylib,mit
dynamin,mpl-2.0
dynalist,apache-2.0
btrup,apache-2.0
bthprops-sys,mit
cscapi-sys,mit
cssselect,mit
cscdll-sys,mit
cssparser,mpl-2.0
cson,cc0-1.0
fuse,mit
funky,mit
functor,mit
fuzzy,mit
futf,mit / apache-2.0
upyun,mit
uptime,mit
ockta,mit
utf8reader,zlib
utf8,mit
utmp,mit
utime,bsd-2-clause
utils,mit
emoticon,mit
embree,gpl-3.0+
emitter,mit
emit,apache-2.0
emoji,mit
emojicons,mit
emailaddress,mit
email,mit
empty,wtfpl
awesome-bot,mit
tbs-sys,mit
hglib,mit
r18n,mit/apache-2.0
cbor,unlicense/mit
cbor-codec,mpl-2.0
cbox,mit
fps_counter,mit
edit-distance,apache-2.0
editor,mit
iterslide,mit
itertools,mit/apache-2.0
fxsutility-sys,mit
jvm-assembler,mit
fixpoint,mit
fixedvec,mit
fixedstep,mit
fixedbitset,mit/apache-2.0
fixed_circular_buffer,lgpl-3.0
fileinput,mit
file_diff,bsd-3-clause
filetype,mit
filetime,mit/apache-2.0
fileextd-sys,mit
file-lock,mit
find_folder,mit
findup,mit
firmata,mit
fiz-math,bsd-3-clause
fixture,mit
finally,mit/apache-2.0
firebase,mit
fingertree,mit
float-cmp,mit
flate2,mit/apache-2.0
flat_map,apache-2.0
flexi_logger,mit/apache-2.0
flexmesh,apache-2.0
fleet,mit
fltlib-sys,mit
flowers,mit
irc-channel,mit
irprops-sys,mit
irsc,mit
ironbb,cc0-1.0
iron,mit
iron-test,mit
iron_vhosts,non-standard
irongate,apache-2.0
irc2,mit
irc_message,mit
ntmarta-sys,mit
ntquery-sys,mit
ntdll-sys,mit
ntfrsapi-sys,mit
ntstc_libcmt-sys,mit
ntstc_msvcrt-sys,mit
ntvdm-sys,mit
ntlanman-sys,mit
ntdsa-sys,mit
ntdsetup-sys,mit
ntdsapi-sys,mit
ntdsatq-sys,mit
nt-sys,mit
msgpack,mit/apache-2.0
msdrm-sys,mit
msports-sys,mit
msdelta-sys,mit
mscoree-sys,mit
mscorsn-sys,mit
mscms-sys,mit
msrating-sys,mit
msv1_0-sys,mit
msctfmonitor-sys,mit
mspatchc-sys,mit
mspatcha-sys,mit
mspbase-sys,mit
msdmo-sys,mit
msaatext-sys,mit
mstask-sys,mit
msxml2-sys,mit
msxml6-sys,mit
msimg32-sys,mit
msdasc-sys,mit
msi-sys,mit
mswsock-sys,mit
msdos_time,mit
msi_klm,lgpl-3.0+
msacm32-sys,mit
msvfw32-sys,mit
lense,mit
leveldb,mit
leveldb-sys,mit
leveldb-rs,mit
leet-converter,
lejit,mpl-2.0
framedyd-sys,mit
framedyn-sys,mit
fromxml,mit/apache-2.0
from_error_scope,apache-2.0
from,mit
freetype-src-sys,non-standard
freeimage,mit
free_macros,mit
freeze,mit
free,mit
freetype-rs,mit
freeimage-sys,non-standard
freetypegl,non-standard
freetype-sys,mit
frank_jwt,apache-2.0
fraktur,mit
fractal,mit
fractran_macros,mit/apache-2.0
frost,mit
objsel-sys,mit
objc_exception,mit
objc-foundation,mit
objc_id,mit
objc_test_utils,mit
objc,mit
obj-rs,bsd-2-clause
d2d1-sys,mit
zip_codes,mit
zipwith,mit
zip-longest,mit
ndfapi-sys,mit
nddeapi-sys,mit
ndproxystub-sys,mit
nd_iter,mit
zmq-sys,mit/apache-2.0
walker,apache-2.0 / mit
warc_parser,non-standard
water,gpl-3.0
washed_up,mit
wait-timeout,mit/apache-2.0
wayland-client,mit
wayland-window,mit
wayland,mit
wayland-kbd,mit
wavefront_obj,mit
wavelet,mit
hdf5,mit
hdf5-sys,mit
hdfs,apache-2.0
hdrhistogram,mit
mdmregistration-sys,mit
mdbm-sys,mit/apache-2.0
mdbook,mpl-2.0
ffmpeg-sys,wtfpl
ffmpeg,wtfpl
ffigen,mit
fftw3-sys,mit/apache-2.0
fftw3,mit/apache-2.0
cfor,mit/apache-2.0
cfgmgr32-sys,mit
cfg-if,mit/apache-2.0
cfrp,mit
avrt-sys,mit
avifil32-sys,mit
avl_tree,gpl-2.0
pwrs,mit
mraa,mit
e164-phones-countries,mit
export_cstr,mit
external_mixin,mit/apache-2.0
extensible,mpl-2.0
external_mixin_umbrella,mit/apache-2.0
expr,wtfpl
expectest,mit
expect,mit
extprim,apache-2.0
extprim_literals,apache-2.0
ctrlc,mit
ctypes,mit/apache-2.0
ogg-sys,mit
whiteread,mit
whisper,mit
wheel_timer,mit
steam-crypto,mit
strtod,apache-2.0
stal,non-standard
strcursor,mit
strava,mpl-2.0
strand,mit
structuredquery-sys,mit
static_slice,wtfpl
static_assert,non-standard
statistical,mit
staticfile,mit
statistics,mit
stator,non-standard
stats,mit
statsd,mit
static,mit
strsim,mit
strsafe-sys,mit
strscan,non-standard
stochastic,mit
stemmer,bsd-2-clause
stomp,mit
strmbase-sys,mit
strmiids-sys,mit
stopwatch,mit
storage,mit
stdx,mit/apache-2.0
stainless,mit
steel,
string_cache_shared,mit / apache-2.0
string_cache_plugin,mit / apache-2.0
string_cache,mit / apache-2.0
stripe,mit
strided,mit/apache-2.0
string_telephone,mit
striple,mit/apache-2.0
stripe-rs,mit
string_to_expr,mit
startuppong,mit
sti-sys,mit
stream-dct,mit
stree_cmd,unlicense/mit
stream,
streaming,unlicense
streaming-stats,unlicense/mit
strenum,mit
stack,mit
stack_dst,mit
stacker,mit/apache-2.0
strophe,mit
vdmdbg-sys,mit
vds_uuid-sys,mit
jsrt-sys,mit
jsonway,mit
json-tools,mit
json_logger,mit
jsonnet,apache-2.0
json_rpc,apache-2.0 / mit
json_io,mit
jsonrpc,cc0-1.0
json_macros,mit
fern_macros,mit
fern,mit
feclient-sys,mit
ferrous_threads,bsd-3-clause
ferrite,mit
odds,mit/apache-2.0
odbccp32-sys,mit
odbc32-sys,mit
odbcbcp-sys,mit
passert,mit
passert_macros,mit
pathmatch,mit
pathcch-sys,mit
params,mit
pam-sys,mit
pam-auth,mit
parser-combinators,mit
parse-regex,mit
pair_stack,mit
pandoc,non-standard
pandoc_ast,non-standard
parmap,
patina,mit/apache-2.0
packed,mit
patchwiz-sys,mit
panning,apache-2.0/mit
pango,mit
pango-sys,mit
adapton,mpl-2.0
adsiid-sys,mit
adamantium,
adler32,bsd-3-clause
adivon,mit
adorn,mpl-2.0
advpack-sys,mit
add3,nlpl
advapi32-sys,mit
epsilonz,mit
epsilonz_algebra,mit
epoll,mpl-2.0
rmp-serde,mit
rmp-serialize,mit
numeric,mit
numerals,mit
nullable,mit
num-macros,mit/apache-2.0
numrs,mit
nue-macros,mit
nue-codegen,mit
nue-io,mit
numtraits,mit
number,mit
number_words,mit
number_prefix,mit
num_cpus,mit
r2fa,isc
r2d2_redis,mit
r2d2,mit
r2d2_postgres,mit
r2d2_sqlite,mit
r2d2_mysql,mit
r2pipe,mit
dimensioned,mit/apache-2.0
difxapi-sys,mit
differential-dataflow,mit
difference,mit
diff,mit
diffusion,mit
distributions,mit
disjoint-set,mit
diceware-rs,mit
diceware,agpl-3.0
diverge,mit
discotech_zookeeper,mit
discrete,mit
discotech,apache-2.0
dizzy,mit
dining_philosophers,mit
disque,non-standard
disqrust,non-standard
dispatch,mit
diet,bsd-3-clause
diecast,
dinput8-sys,mit
directx-sys,mit
directx,mit
assert_ng,
assert,mit
aster,mit/apache-2.0
assimp-sys,mit
assimp-rs,mit
assimp,mit
asn1,bsd-3-clause
ascii_set,unlicense
ascii,apache-2.0 / mit
async,
async-await,mit
asynchronous,apache-2.0 / mit
astar,mit
asycfilt-sys,mit
ast_debug,mit
sxd-xpath,mit
sxd-document,mit
vtcol,gpl-3.0
vscmgr-sys,mit
vstorinterface-sys,mit
vsop87,mit/apache-2.0
vssapi-sys,mit
vss_uuid-sys,mit
liquid,mit
libressl-pnacl-sys,mit
librados-sys,mit
library,mit
linked-list,mit/apache-2.0
linked-tail-list,mit
link-config,mit/apache-2.0
linked-hash-map,mit/apache-2.0
lithium,mit
libwgetj,mit
liblmdb-sys,mit
liblapack-sys,mit
liberty,mit
libtar-sys,mit
lifx,mpl-2.0
littletest,mit
little,mit
list_builder,mit
lifeguard,mit
linux-api-exit,mit
linux-api,mit
linux,mit
linux-api-semaphore,mit
linux-api-sys,mit
linux-api-math,mit
libpcre-sys,mit/apache-2.0
lines,mit
linear_assignment,agpl-3.0
linear,mit
linenoise-sys,bsd-2-clause
linear-map,mit/apache-2.0
linenoise-rust,mit
linenoise,bsd-2-clause
license-exprs,apache-2.0/mit
libaio,mit
libarchive-sys,mit
libz-sys,mit/apache-2.0
libgpg-error-sys,lgpl-2.1
libgit2-sys,mit/apache-2.0
libgitmask,mit
libgcrypt-sys,lgpl-2.1
libgitbox,mit
libxdo-sys,mit
libx11,mit
libxdo,mit
libxm,wtfpl
libxm-sys,wtfpl
libcmark-sys,apache-2.0/mit
libc,mit/apache-2.0
libudev,mit
libusb-sys,mit
libucl-sys,non-standard
libusb,mit
libudev-sys,mit
libnotify,mit
libnanomsg,mit
libnfqueue,mit
libnetfilter_queue,mit
libnotify-sys,mit
linq-rust,mit/apache-2.0
linalg,mit
libsqlite3-sys,mit
libsodium-sys,mit
libssh2-sys,mit/apache-2.0
libssh,gpl-2.0
libsystemd-sys,lgpl-2.1+
libblas-sys,mit
libbreakpad-client-sys,bsd-3-clause
libb2-sys,cc0-1.0
libfizzbuzz,isc
libvpx-sys,mpl-2.0
libjit-sys,mit
libmultilog,mit
libmarpa-sys,mit
fmod,non-standard
fmt-extra,agpl-3.0
qcollect,cc0-1.0
qcollect-traits,cc0-1.0
ualapi-sys,mit
mtxdm-sys,mit
mtx-sys,mit
oleacc-sys,mit
oleaut32-sys,mit
ole32-sys,mit
old-http,mit/apache-2.0
olesvr32-sys,mit
oledlg-sys,mit
oledb-sys,mit
olepro32-sys,mit
olecli32-sys,mit
dflayout-sys,mit
wnvapi-sys,mit
fsuipc,mpl-2.0
fsevent,non-standard
fsevent-sys,non-standard
hamming,mit/apache-2.0
hash_ring,mit
hashids-rs,
hash,mit
hashids,mit
hashconsing,mit/apache-2.0
handlebars,mit
handlebars-iron,mit
haversine,mit
hamcrest,mit
hackrf,mit
harfbuzz,apache-2.0 / mit
hal-rs,mit
udev-dl,bsl-1.0
udev,lgpl-2.1
wecapi-sys,mit
wer-sys,mit
wemo,non-standard
webdriver,mpl-2.0
wevtapi-sys,mit
webplatform,mit
webplatform_concat_bytes,mit
weakjson,mit
wechat,mit
websocket,mit
website,mit
websocket-sys,mit
webservices-sys,mit
websocket-stream,mit
webfoolkit,bsd-2-clause
webm-sys,mpl-2.0
webm,mpl-2.0
tgff,mit
getopts,mit/apache-2.0
geocoding,apache-2.0
geojson,apache-2.0
geometry,mit
geom,mit
genetic,aml
generic-matrix,mit
generator,mit/isc
getpass,mit
geohashrust,mit
geohash,mit
geoip,isc
geoip-sys,isc
genfsm,mit
gearbox,mpl-2.0
genmesh,apache-2.0
get_errno,mit
gengen,aml
gexiv2-sys,gpl-3.0+
ghlabel,mit
wcmapi-sys,mit
wcmguid-sys,mit
pq-sys,mit
fcgi,mit
efswrt-sys,mit
qwave-sys,mit
dwmapi-sys,mit
dweet,mit
dwrite-sys,mit
opter,mit
optional,mit
options,mit
operational,mit
openssl-sys,mit
opencc,mit
openssl,apache-2.0
openal-sys,wtfpl
openal-rs,apache-2.0
opencv,mit
openblas-provider,bsl-1.0
openal,wtfpl
opengl32-sys,mit
openblas-blas-provider,bsl-1.0
opentype,mit
openssl2-sys,
open,mit
sdl2,mit
sdl2_gfx,mit
sdl2_mixer,mit
sdl2_net,mit
sdl2_image,mit
sdl2_ttf,mit
sdl2-sys,mit
txfw32-sys,mit
txtdist,mit
sorter,mit
sortrs,mit/apache-2.0
sort,mit
sorted-collections,mit/apache-2.0
sort_str_to_sql,mit
softprimes,mit
sodiumoxide,mit
sodium-sys,mit
solicit,mit
socket,mit
sokoban-rs,apache-2.0
solvent,mit
soundex,non-standard
soundchange,mit
soundchange-english,mit
sound_stream,mit
xdr-codec,mit
xdg-basedir,mit
xdg-rs,mit
xdrgen,mit
uuid-sys,mit
uuid,mit/apache-2.0
hpack,mit
hprof,bsl-1.0
aho-corasick,unlicense/mit
ahadmin-sys,mit
ordered_iter,mit/apache-2.0
ordered-float,mit
order-stat,mit/apache-2.0
origami,mit
ord_subset,mit/apache-2.0
orichalcum,mpl-2.0
netsh-sys,mit
newdev-sys,mit
netherrack,mit
netmap_sys,bsd-2-clause
netbuf,mit
newtype_derive,mit
neuron,mit
neural,mit
netcdf,gpl-3.0
netcdf-sys,mit
netaddr,mit
netapi32-sys,mit
network,mit
netrc,mit
netlib-sys,mit
netlink,apache-2.0
netlib-blas-provider,bsl-1.0
netlib-provider,bsl-1.0
net2,mit/apache-2.0
netfilter_queue,mit
news,mit
neovim-rs,unlicense
neovim,mit
xhtmlchardet,mit
mime_guess,mit
mime,mit
mixpanel,mit
mioco,mpl-2.0
mindtree_utils,mit
mindjuice,mit/apache-2.0
midir,mit
midi,mit
minesweeper,mit
mincore_downlevel-sys,mit
mincore-sys,mit
miniz-sys,mit/apache-2.0
mi-sys,mit
microstate,mit
iscsidsc-sys,mit
identicon,mit
ids_container,apache-2.0
timely_communication,mit
time_calc,apache-2.0/mit
timeit,mit
time-sys,mit
timebomb,apache-2.0
time,mit/apache-2.0
timely,mit
tiled,mit
tis-100,mit
tick,mit
tinyosc,mit
tinycdb-sys,mit
tiny_http,apache-2.0
tinycdb,mit
tinfo,mit
ppapi-tester,mpl-2.0
ppapi,mpl-2.0
certcli-sys,mit
certidl-sys,mit
certca-sys,mit
certpoleng-sys,mit
certadm-sys,mit
cellular_maps,mit
cef-sys,mit
cesu8,apache-2.0/mit
cereal_macros,mit
cereal,mit
either,mit/apache-2.0
cloud,mit
clap,mit
clock_ticks,mit/apache-2.0
clock,mit
clutter,cc0-1.0
cld2-sys,unlicense/apache-2.0
cld2,unlicense
clog,mit
classreader,apache-2.0
classifier,apache-2.0
clfsw32-sys,mit
clfsmgmt-sys,mit
clj_rub,mit
click_and_load,mit
clusapi-sys,mit
claxon,gpl-3.0
clippy,mpl-2.0
clipboard-win,mit
vpsearch,bsd-2-clause
dpc-simplemap,mpl-2.0
dpc-cbuf,mpl-2.0
dpx-sys,mit
ncollide,bsd-3-clause
ncollide_queries,bsd-3-clause
ncollide_procedural,bsd-3-clause
ncollide_math,bsd-3-clause
ncollide_transformation,bsd-3-clause
ncollide_utils,bsd-3-clause
ncollide_entities,bsd-3-clause
ncollide_pipeline,bsd-3-clause
nc_rustlex,mit
nc_rustlex_codegen,mit
ncurses,mit
ncrypt-sys,mit
m3u8,mit
pmap,mit
erty,mit
errno,mit/apache-2.0
error,mit
error-type,mit
error_def,gpl-2.0
erguotou,mit
pulldown-cmark,apache-2.0
punkt,mit
pusher,mit
pulse,apache-2.0
puppetfile,mit
curl-sys,mit
curl,mit
custom_derive,mit
curve,mit
cuckoofilter,mit
current,mit
currency,mpl-2.0
cudd-sys,cc0-1.0
curiosity,apache-2.0
cult,mit
cupid,mit
cupi,mit
gtypes,lgpl-2.1+
gtk-sys,mit
wuguid-sys,mit
vecmath,mit
version-sys,mit
version,gpl-3.0
vectorclock-rs,mit
vergen,mit
vec2d,apache-2.0
vec_map,mit/apache-2.0
vec_2d,mit/agpl-1.0
bassert,mit
basesrv-sys,mit
base32,mit
basehangul,cc0-1.0
bacon_rajan_cc,mit/apache-2.0
basichll,mit
basiccountminsketch,mit
basic-hll,mit
bandwidth-rust,mit
barnacl_sys,mit
barnes,mit
barnacl,mit
baudot,mit
bad_idea,agpl-3.0
backtrace,mit/apache-2.0
backend,mit
backlight,mit
backtrace-sys,mit/apache-2.0
bare,mit
bare-websocket,mit
peggler,mit
peruse,mit
pem-parser,mit
persistent_hashmap,mit
persistent,mit
persistent_array,mit
permutohedron,mit/apache-2.0
petgraph,mit/apache-2.0
peerdist-sys,mit
peresil,mit
peekable_reader,mit
cgmath,apache-2.0
cgroup,
dbgeng-sys,mit
dbghelp-sys,mit
db-key,mit
dbus-bytestream,lgpl-2.1
dbus-rs,apache-2.0/mit
dbus,apache-2.0/mit
dbus-serialize,lgpl-2.1
dxgi-sys,mit
dxgi-win,mit
dxtmsft-sys,mit
dx_core,apache-2.0
dxtrans-sys,mit
dxva2-sys,mit
dxgcap,mit
dxguid-sys,mit
wtf8,mit
wtsapi32-sys,mit
mcpat,mit
mcpat-sys,mit
mcmc,mit
mciole32-sys,mit
gmp-sys,lgpl-3.0
plutchik,apache-2.0/mit
plist,mit
plaintalk,mit
plugin,mit
plumber,apache-2.0
dcomp-sys,mit
dcpu16-gui,mit
dcpu16,mit
dciman32-sys,mit
sfc-sys,mit
sfml,zlib-acknowledgement
sfunc,mit
airspy,mit
packed-refs,
config,mit
HEAD,
description,
index,
HEAD,
master,
HEAD,
HEAD,
master,
exclude,
pre-rebase.sample,
prepare-commit-msg.sample,
update.sample,
pre-push.sample,
applypatch-msg.sample,
post-update.sample,
pre-commit.sample,
pre-applypatch.sample,
commit-msg.sample,
pack-a46b57db3237439e33779687f0ae16fd816bba33.pack,
pack-a46b57db3237439e33779687f0ae16fd816bba33.idx,
bzip2-sys,mit/apache-2.0
bzip2,mit/apache-2.0
schuppe,mit
scgi,mit
scesrv-sys,mit
scrutch,mit
scirust,apache-2.0
scrnsave-sys,mit
scrnsavw-sys,mit
schannel-sys,mit
scopeguard,mit/apache-2.0
scoped_log,mit
scoped_threadpool,mit
sctp-sys,mit
scan_fmt,mit
scan,mit
scinotation,mit
scribe,non-standard
scriptable,cc0-1.0
script,mit
schroedinger_box,mit
scarddlg-sys,mit
scecli-sys,mit
screenshot,unlicense
schemamama_rusqlite,mit
schemamama,mit
schemamama_postgres,mit
schedule_recv,mit
scheduler,mit
analit,mit
android_glue,mit
ansi,mpl-2.0
ansi_term,mit
angle,mit
anybar_rs,mit
anymap,mit/apache-2.0
angular,mit
k8055,gpl-2.0
psapi-sys,mit
psutil,mit
pseudotcp, gpl-2.0
nice_glfw,bsl-1.0
nice, gpl-2.0
nickel_sqlite,mit
nickel_macros,mit
nickel,mit
nix-test,mit
nibble_vec,mit
ninput-sys,mit
kerbcli-sys,mit
keystroke,unlicense
kernel32-sys,mit
kernlog,mit
keymaker,apache-2.0
kennitala,mit
urlmon-sys,mit
uritemplate,bsd-3-clause
urlencoded,mit
mm,bsd-2-clause
fd,lgpl-3.0
po,bsd-2-clause
rc,mit / apache-2.0
tz,mit
gl,apache-2.0
ao,bsd-2-clause
to,mit
ml,mit
dl,mit
i3,mit
fn,mit
ld,mit
gj,mit
bt,apache-2.0
md,mit
ct,mit
js,mit
di,mit
s3,mit
or,mit
cg,apache-2.0
db,non-standard
mc,mit
pb,mit
an,
io,mit
xz,bsd-2-clause
nn,apache-2.0
cc,bsl-1.0
ws,mit
nx,mit
gc,mpl-2.0
lf-sll,apache-2.0
cidrr,apache-2.0
cite,mit
civet,mit
civet-sys,mit
citadel,bsd-3-clause
cipher,mit
p2p-sys,mit
p2pgraph-sys,mit
ktmw32-sys,mit
a,
c,mit
t,mit
q,unlicense
hid-sys,mit
histogram,mit
hipack,mit
highlightrs,mit
hidapi_rust,lgpl-3.0+
hiredis-sys,mit
hiredis,mit
ptrace,mit
gnupg,gpl-3.0/lgpl-3.0
gnuplot,lgpl-3.0
gnunet,gpl-3.0
pdh-sys,mit
srv-shim,apache-2.0
srclient-sys,mit
tcod_window,gpl-3.0
tcod,wtfpl
tcod-sys,wtfpl
tcp-loop,mit
dmoguids-sys,mit
sbtsv-sys,mit
io_operations,mit
iomrascalai,gpl-3.0+
ioctl-rs,mit
ioctl,bsl-1.0/apache-2.0
iobuf,mit
io-providers,mit
io-surface,mit / apache-2.0
iokit-sys,mit
io-at,mit
iocp,mit
sqlite,mit
sqlite3_tokenizer,mit
sqlite3-sys,mit
rraf,mit
xxhash,mit/apache-2.0
ohmers,non-standard
wmdrmsdk-sys,mit
wmcodecdspuuid-sys,mit
wmiutils-sys,mit
wmvcore-sys,mit
wmip-sys,mit
xz-sys,bsd-2-clause
xapobase-sys,mit
xattr,mit/apache-2.0
xaudio2-sys,mit
xaswitch-sys,mit
summed-area-table,unlicense
sufdb,unlicense/mit
suffix_cmd,unlicense
suffix,unlicense/mit
suffix_tree,unlicense/mit
superlu-sys,mit
superchan,mit
superlu,mit
susurrus,mit
substudy,unlicense
sudoku,mit
submodules,mit
sass-rs,mit
sassers,mit
sass-sys,mit
samlib-sys,mit
sample,mit
samsrv-sys,mit
safe_dns,gpl-3.0
safe_nfs,gpl-3.0
safe_client,gpl-3.0
safe_vault,gpl-3.0
sas-sys,mit
sacn,apache-2.0
sapi-sys,mit
sprs,mit
spawn,mit
spawner,mit
spline,mit
sporder-sys,mit
spidev,mit/apache-2.0
splay,mit
spin,mit
spinlocks,mit
spinlock,mit
spoolss-sys,mit
sparseset,mit
spark,wtfpl
sparkline,mit
sparse-rs,mit
speculate,mit
spectrogram,mit
special,mit
spread,mit
dtchelp-sys,mit
virtdisk-sys,mit
video,mit
videocore,apache-2.0
ondemandconnroutehelper-sys,mit
oncemutex,mit
onionsalt,bsd-2-clause
joker,mit
ddraw-sys,mit
kugel,mit
kuchiki,mit
oil_shared,mit
oil_parsers,mit
google-reseller1_sandbox,mit
google-cloudmonitoring2_beta2,mit
google-calendar3,mit
google-container1_beta1,mit
google-deploymentmanager2_beta1,mit
google-dataflow1_b4,mit
google-gan1_beta1,mit
google-content2,mit
google-youtube3,mit
google-gamesconfiguration1_configuration,mit
google-resourceviews1_beta2,mit
google-genomics1,mit
google-appstate1,mit
google-adexchangeseller2,mit
google-books1,mit
google-games1,mit
google-tasks1,mit
google-blogger3,mit
google-civicinfo2,mit
google-urlshortener1,mit
google-dns1_beta1,mit
google-autoscaler1_beta2,mit
google-pubsub1_beta2,mit
google-freebase1,mit
google-coordinate1,mit
google-dns1,mit
google-freebase1_sandbox,mit
google-youtubeanalytics1,mit
google-tagmanager1,mit
google-sqladmin1_beta4,mit
google-adexchangebuyer1d3,mit
google-mirror1,mit
google-groupsmigration1,mit
google-taskqueue1_beta2,mit
google-customsearch1,mit
google-spectrum1_explorer,mit
google-logging1_beta3,mit
google-dfareporting2d1,mit
google-admin1_reports,mit
google-appsactivity1,mit
google-androidpublisher2,mit
google-mapsengine1,mit
google-analytics3,mit
google-licensing1,mit
google-adsensehost4d1,mit
google-cloudsearch1,mit
google-gamesmanagement1_management,mit
google-webmasters3,mit
google-bigquery2,mit
google-plusdomains1,mit
google-compute1,mit
google-manager1_beta2,mit
google-gmail1,mit
google-audit1,mit
google-genomics1_beta2,mit
googl,mit
google-identitytoolkit3,mit
google-fusiontables2,mit
google-admin2_email_migration,mit
google-translate2,mit
google-geo,mit
google-cloudresourcemanager1_beta1,mit
google-adsense1d4,mit
google-drive2,mit
google-doubleclicksearch2,mit
google-plus1,mit
google-prediction1d6,mit
google-deploymentmanager2_beta2,mit
google-fitness1,mit
google-replicapoolupdater1_beta1,mit
google-storage1,mit
google-admin1_directory,mit
google-pagespeedonline2,mit
google-groupssettings1,mit
google-qpxexpress1,mit
google-discovery1,mit
google-siteverification1,mit
google-androidenterprise1,mit
google-replicapool1_beta2,mit
google-dfareporting2,mit
google-datastore1_beta2,mit
google-doubleclickbidmanager1,mit
google-webfonts1,mit
google-oauth2_v2,mit
google-cloudlatencytest2,mit
goertzel,mit
gopher,mit
gobject-sys,mit
gobject-2_0-sys,lgpl-2.1+
kdtree,mit
qotd,mit
knockers,bsl-1.0
rdrand,isc
rdispatcher,mit
ice-sys,mit
icm32-sys,mit
icmui-sys,mit
bits-sys,mit
bitstream,apache-2.0
bits,mit
bitmap,bsl-1.0
bitbuf,mit
bittorrent,apache-2.0
bindgen_plugin,bsd-3-clause
bindgen,bsd-3-clause
bitio,mit
bincode_ext,mit
bincode,mit
bitcoin,cc0-1.0
bitalloc,mit
bit-set,mit/apache-2.0
bit-vec,mit/apache-2.0
bit-matrix,mit
bitflags,mit/apache-2.0
bitfield,mit
binomial-iter,mit
bit_crusher,mit
bit_range,mit
bit_utils,mit
bigwise,mit
tar-sys,mit
tar-parser,mit
taskpool,
taskpipe,mit
taskschd-sys,mit
tagged,mit
taglib,lgpl-2.1
tabwriter,unlicense/mit
table,mit
tape,mit
take_while_with_failure,apache-2.0
tariff,mit
tag_safe,mit
tapi32l-sys,mit
tapi32-sys,mit
tango,mit/apache-2.0
tailrec,mit
khronos_api,apache-2.0
khronos,apache-2.0
twig,bsd-3-clause
twitter-api,mit
two_three,apache-2.0
twiddle,mit
twain_32-sys,mit
tweetust_macros,mit
tweetust,mit
twinapi-sys,mit
twre,cc0-1.0
twre_ecs,cc0-1.0
twox-hash,mit
twilio,mit
xmljson,mit
xmllite-sys,mit
xmath,bsd-2-clause
xml_writer,mit
xmltree,mit
xml-rs,mit
latest,mit
lalrpop-intern,unlicense
lalrpop,unlicense
lalrpop-snap,unlicense
lalrpop-util,unlicense
lamport,mit
lapack-sys,mit
lapack,mit
layout_id,mit
lambda,mit
ladspa,unlicense
lazy,mit
lazysort,apache-2.0
lazy_static,mit
language-tags,mit
iup-sys,mit
mbnapi_uuid-sys,mit
xterm,bsd-2-clause
i18n,apache-2.0
dsound-sys,mit
dststlog-sys,mit
dssec-sys,mit
dssim,agpl-3.0
dsprop-sys,mit
dsfmt-rs,non-standard
dsuiext-sys,mit
dsl_macros,mit
dsp-chain,mit
klphash,mit
ehstorguids-sys,mit
wbemuuid-sys,mit
bchannel,mit
bcrypt-sys,mit
photoacquireuid-sys,mit
phf_shared,mit
phf_mac,mit
phf_generator,mit
phf_macros,mit
phf_codegen,mit
phantom-enum,mit/apache-2.0
phantom,mit
phant,mit
philosopher,mit
env_logger,mit/apache-2.0
encoding-index-singlebyte,cc0-1.0
encoding-index-simpchinese,cc0-1.0
encode,mit
encoding-index-korean,cc0-1.0
encoding-index-tradchinese,cc0-1.0
encoding_literals,apache-2.0
encoding-index-japanese,cc0-1.0
encoding_index_tests,cc0-1.0
encoding,mit
enigma,mit
endian-type,mit
endian-types,miros
endian,lgpl-3.0+
energy-monitor,mit
envelope,mit
enforce,
enum-set,mit/apache-2.0
enumiter,mit
enum_primitive,mit
enum_derive,mit
enum_traits,mit
enum_traits_macros,mit
envvar,mit
immeta,mit
imap,mit
imm32-sys,mit
imm3d,bsl-1.0
imagequant,bsd-2-clause
image,mit
imagehlp-sys,mit
image2emblem,mit
imagefmt,mit
img_hash,mit
imgui-sys,mit
imgutil-sys,mit
imgur,mit
imgui,mit
inotify,isc
index_multi,cc0-1.0
inseng-sys,mit
interpolation,mit
integer_set,mit
intertwine,
interface,mit
interpolate_idents,mit
integral_square_root,mit
interval-heap,mit/apache-2.0
interval,mit
intervallum,apache-2.0
inconel,mit
intovec,mit
influent,mit
inventory,mit
int64-sys,mit
inspect,mit
introsort,apache-2.0
intrusive,mit
intrusive-containers,lgpl-3.0+
infocardapi-sys,mit
etcd,mit
riemann_cli,mit
riemann_client,mit
bulletinboard, gpl-2.0
bunker,mit
bufferoverflow-sys,mit
bufferoverflowu-sys,mit
bufstream,mit/apache-2.0
build_epoch,mit
buildable,mit
usp10-sys,mit
user32-sys,mit
userenv-sys,mit
users,mit
treasure,aml
treap,mit
trousers-sys,mit
trie,mit/apache-2.0
truetype,mit
truth,mit
truthtable,
travelling_salesman,gpl-3.0
traverse,mit/apache-2.0
trombone,mit
traitobject,mit
tree,mit/apache-2.0
trans2quik,mit
transit,bsd-3-clause
transcodeimageuid-sys,mit
transducers,gpl-3.0+
try_opt,mit
try_or_wrap,mit
trust-dns,apache-2.0
traffic-sys,mit
trafo,mit
triable,mit
tracer,bsd-3-clause
trace-macro,mit
trace,mit
traceroute,mit
trek,lgpl-3.0
font-atlas-image,mit
font-atlas,mit
font-atlas-freetype,mit
fontsub-sys,mit
font,mit
fontconfig-sys,mit
fontconfig,mit
formdata,mit
format-sys,mit
fourcc,mit/apache-2.0
forklift,mpl-2.0
forkjoin,apache-2.0
forest,mit
forever,
fountaincode,mit
tlbref-sys,mit
i2cdev,mit/apache-2.0
datetime,mit
date,mit
datetime_macros,mit
dazeus,mit
daemon,mit
dark,mit/apache-2.0
database,mit
davclnt-sys,mit
euclid,mit / apache-2.0
swdevice-sys,mit
swapigen,bsd-3-clause
swapi,mit
swf-headers,mit
switchboard,mit
nntp,mit
jamkit,apache-2.0
jade,mit
jack-sys,mit
argparse,mit
arcmutex,mit
arrayref,bsd-2-clause
array,mit
arrayvec,mit/apache-2.0
ares,mit
artifact,mit
argo,non-standard
arena-tree,mit
arguments,mit
vccomsup-sys,mit
pnet_macros,mit/apache-2.0
pnet,mit/apache-2.0
pnacl-build-helper,mpl-2.0
af_unix,mit
byteorder,unlicense/mit
bytesize,apache-2.0
byte_conv,mit
bytebuffer,mit
bytekey,apache-2.0
bytes,mit
chalk,mit
chamkho,bsd-2-clause
chess_pgn_parser,mit
chatbot,mit
chat,mit
changecase,mit
chan-signal,unlicense/mit
chan,unlicense/mit
char-iter,mit/apache-2.0
charsets,mit
char_set,mit
checked_int_cast,mit
checked_cast,mit/apache-2.0
chipmunk-sys,mit
chipmunk,mit
chip8_vm,mit
chunked-transfer-coding,apache-2.0
chunked_transfer,apache-2.0
chrono,mit/apache-2.0
chromaprint,mit
gpx,apache-2.0
gag,mit
gfx,apache-2.0
gel,mit
gsl,gpl-3.0+
gtk,mit
geo,apache-2.0
gcc,mit/apache-2.0
gif,mit
gml,mit/apache-2.0
git,mit
gdk,mit
glm,mit
zmq,mit/apache-2.0
z85,mit/apache-2.0
zip,mit
x86,mit
xdr,mit
x11,cc0-1.0
xdg,apache-2.0/mit
xsv,unlicense/mit
aio,mit
ann,mit
amp,non-standard
fft,mit
fbx,zlib
fen,mit
fs2,mit/apache-2.0
fun,mit
ffi,mit
fsm,mit
fiz,bsd-3-clause
fnv,apache-2.0 / mit
ftp,mit
mio,mit
mux,mit
mpi,mit
mnt,lgpl-3.0
mod,mit
mdo,wtfpl
md5,mit
mpd,mit
mkv,non-standard
mac,mit/apache-2.0
mtl,mit
c99,bsd-2-clause
cow,apache-2.0
cal,mit
cfg,mit/apache-2.0
czt,mit
cgl,mit / apache-2.0
csv,unlicense/mit
cpp,mpl-2.0
crc,mit
cql,mit
cli,bsd-3-clause
com,mit/apache-2.0
kvm,apache-2.0
dtl,mit
dds,mit
dot,apache-2.0/mit
dht,apache-2.0/mit
dns,bsd-2-clause
dev,mit
ddp,mit
dft,mit
dwt,mit
wio,mit
wkt,apache-2.0
web,mit
osm,apache-2.0
oak,apache-2.0
oil,mit
obj,apache-2.0
tar,mit/apache-2.0
tau,mit
tox,mit
tty,lgpl-3.0
tst,mit/apache-2.0
tcp,mit
tls, gpl-2.0
tab,mit
tba,isc
ttt,mit
jit,mit
jed,mit
jwt,mit
ioc,cc0-1.0
igd,mit
ice,mit
ion,mit
id3,mit
irc,cc0-1.0
bmp,mit
bdf,wtfpl
bst,mit/apache-2.0
bud,gpl-3.0
bio,mit
bip,mit/apache-2.0
ber,mit
phi,mpl-2.0
pod,mit
pdf,mit
peg,mit
phf,mit
png,mit
pct,bsl-1.0
pad,mit
pty,mit
pam,mit
rip,mit
rms,mit
rft,wtfpl
rum,mit
rpf,bsd-3-clause
rmp,mit
raw,mit/apache-2.0
rwc,agpl-3.0
rcu,mit/apache-2.0
rui,lgpl-3.0
rdb,mit
rex,mit
rss,apache-2.0
utp,mit/apache-2.0
ucl,mit
udp,mit
url,mit/apache-2.0
usb,mit
uil,mit
uwp,mit
hue,mit
hkt,mit
hlc,mit
hal,mit
var,mit/apache-2.0
vcd,mit
vpx,mpl-2.0
edn,mit
egl,apache-2.0
err,mit
ext,non-standard
ers,agpl-3.0
elf,apache-2.0
eco,mit
ecc,mit
ecs,mit
lzw,mit
lib,mit
lin,mit
lif,mit
lcs,mit
lzf,bsd-3-clause
lz4,mit
lux,mit
lua,mit
las,mit
log,mit/apache-2.0
num,mit/apache-2.0
nix,mit
nom,mit
nue,mit
net,mit
nbt,lgpl-2.1
nio,apache-2.0
nps,apache-2.0
ncl,mit
svg,mit
svd,mit/apache-2.0
sun,mit
syr,apache-2.0
scm,mit
sbd,mit
stm,mit
sdl,mit
sss,mit
sql,mit
sha,lgpl-3.0+
sdr,mit
stl,bsd-3-clause
soa,mit
t2embed-sys,mit
echo,mit
ecdh, gpl-2.0
eclectic,mit/apache-2.0
eccles,mit
uiautomationcore-sys,mit
uil_shared,mit
uil_parsers,mit
mgmtapi-sys,mit
v8_rub,mit
v8-sys,mit
xlib,bsd-2-clause
xlsx,mit
elfapi-sys,mit
elmesque,mit
elemental,apache-2.0
elfloader,apache-2.0
els-sys,mit
elscore-sys,mit
hbaapi-sys,mit
iaca-markers,apache-2.0
iashlpr-sys,mit
nasm,mit
namedlock,gpl-2.0+
names,mit
named_pipe,mit
narcissus,mit
nalgebra-lapack,mit
nalgebra,bsd-3-clause
nats,isc
natord,mit
natural_sort,mit
nahpack,mpl-2.0
nanny-sys,mit
nanny,mit
nano_time,mit/apache-2.0
nanomsg-sys,mit
nanovg,mit
nanomsg,mit
nailgun,apache-2.0
bswap,mit
bson,mit
bson-rs,mit
kafka,mit
d3dcompiler-sys,mit
d3dcsxd-sys,mit
d3dcsx-sys,mit
d3d9-sys,mit
d3d12-sys,mit
d3d11,mit
d3d10-sys,mit
d3d11-sys,mit
d3d11-win,mit
d3d10_1-sys,mit
umpdddi-sys,mit
wrapping_macros,mit/apache-2.0
wrapped_enum,mit
wren,mit
wren-rs,mit
wren-sys,mit
lua52-sys,mit
luthor,mit
lua-kit,mit
lua-rs,mit
luhn,mit
luajit-sys,mit
judy,apache-2.0
julius,mit
juju,mit
musical_keyboard,mit
music,mit
mush,mit/apache-2.0
mustache,mit/apache-2.0
murmurhash3,mit
murmurhash64,bsd-3-clause
mutiny,mit
mucell,mit/apache-2.0
mudpie,unlicense
multidim,mit
multi-logger,mit
multiset,apache-2.0
multipart,mit
multitooth,mit
multizip,mit
multimap,mit
multiboot,mit
muiload-sys,mit
oemlicense-sys,mit
va_list,mit
va_list-test,mit
vault,mit
valico,mit
validate,mit
variants,
varint,mit
c_string,apache-2.0/mit
c_str,apache-2.0/mit
c_vec,apache-2.0/mit
qindex_multi,cc0-1.0
locale,mit
locationapi-sys,mit
logger,mit
lodepng,bsd-2-clause
lonlat_bng,mit
loirc,mit
loadperf-sys,mit
load,
log4rs,mit
lobby,mit
wscapi-sys,mit
wsock32-sys,mit
wsmsvc-sys,mit
wsclient-sys,mit
wsbapp_uuid-sys,mit
ws2_32-sys,mit
wsdapi-sys,mit
wsnmp32-sys,mit
wsbonline-sys,mit
kcapi-sys,bsd-3-clause
ozone,mit
doapi,mit
dotenv,mit
docopt_macros,unlicense/mit
docopt,unlicense/mit
dotty,apache-2.0
docker,apache-2.0
dojo,mit
doubly,mit
doc_file,mit
p-macro,mit
kiss3d,bsd-3-clause
kissfft,bsd-3-clause
kiwi,mit
kinetic,mit
kinetic-rust,mit
gfapi,mit
gfapi-sys,mit
gfx_scene,apache-2.0
gfx_pipeline,apache-2.0
gfx_phase,apache-2.0
gfx_debug_draw,mit
gfx_macros,apache-2.0
gfx_window_glutin,apache-2.0
gfx_device_gl,apache-2.0
gfx_window_sdl2,mit
gfx_gl,apache-2.0
gfx_text,mit
gfx_window_glfw,apache-2.0
rhttp,apache-2.0
nodrop,mit/apache-2.0
node_rub,mit
normaliz-sys,mit
noisy,unlicense
noises,mit
noise,apache-2.0
notify_send,mit/apache-2.0
notify,cc0-1.0
notify-rust,mit/apache-2.0
nonblocking_socket,gpl-2.0
noptim,bsd-3-clause
novice-tools,mit
nphysics,bsd-3-clause
rpassword,apache-2.0
rpcexts-sys,mit
rpcutil-sys,mit
rpcns4-sys,mit
rpcproxy-sys,mit
rpcrt4-sys,mit
owning_ref,mit
pgs-files,apache-2.0
pgetopts,mit/apache-2.0
oven,mit
iphlpapi-sys,mit
ipnetwork,apache-2.0
iptrap,isc
iprop-sys,mit
cpal,apache-2.0
cpufreq,mit
cppstream,mit
cpuid,mit
cpython,mit
recaptcha,mit
real,mit
request,apache-2.0
revord,mit
registry,mit
regindex,mit
recycler,mit
redhook,bsd-2-clause
resize-slice,mit
rethinkdb,
redlock-rs,bsd-3-clause
redlock,bsd-3-clause
return_if_ok,mit
recs,mit
rest_easy,
read_color,mit
read_token,mit
readline-sys,mit
reader-writer,mit
readline,mit
readext,mit
rediscrc,bsd-2-clause
redispool,mit/apache-2.0
redis,bsd-3-clause
rehashinghashmap,bsd-2-clause
regex_dfa,mit/apache-2.0
regex,mit/apache-2.0
regex-syntax,mit/apache-2.0
regex_macros,mit/apache-2.0
resources_package_package,apache-2.0
resolve,mit/apache-2.0
resources_package,apache-2.0
reminisce,mit
recursive_sync,mit
reverse_io,mit
rebar,mit
repl,mit
replace-map,mit
resutils-sys,mit
reddit,mit
retry,mit
redox,apache-2.0
reactor,mit
reactive-streams,cc0-1.0
rexiv2,gpl-3.0+
pico,mit
pico-sys,mit
pirate,lgpl-3.0+
piston2d-gfx_graphics,mit
piston2d-drag_controller,mit
pistoncore-input,mit
pistoncore-window,mit
piston-music,mit
piston2d-glium_graphics,mit
pistoncore-event_loop,mit
piston_meta,mit
piston-viewport,mit
pistoncore-glutin_window,mit
pistoncore-glfw_window,mit
pistoncore-event,mit
piston-shaders_graphics2d,mit
piston_window_game,mit
piston,mit
piston_window,mit
piston-texture,mit
piston-opengex,mit
piston-ai_behavior,mit
piston3d-cam,mit
piston-float,mit
piston2d-sprite,mit
piston2d-shapes,mit
piston2d-graphics,mit
pistoncore-current,mit
piston_meta_search,mit
pistoncore-sdl2_window,mit
piston3d-gfx_voxel,mit
piston-shaders,mit
piston2d-opengl_graphics,mit
piston-gfx_texture,mit
pidfile,
pihash,mit
pipeline,mit
pipe,mit
pipes,mit
pipeline-rs,mit
pitch_calc,apache-2.0/mit
pinyin,mit
gccjit,gpl-3.0
gccjit_sys,gpl-3.0
gc_plugin,mpl-2.0
gcrypt,lgpl-2.1
mysql,mit
gstreamer,mit
evr-sys,mit
evdev,bsl-1.0/apache-2.0
evr_vista-sys,mit
eventfd,mit
event-emitter,
event_dispatcher,non-standard
eventual,mit
event_rust,mit
event,mit
actors,bsd-3-clause
acorn,
activeds-sys,mit
actiondb,lgpl-2.1
accelerate-provider,mit
accumulator,gpl-3.0
aclui-sys,mit
acl-sys,lgpl-2.1
acacia,gpl-3.0+
oxcable,cc-by-nc-4.0
oxischeme,apache-2.0
oxidation,apache-2.0
oxide,apache-2.0
oxidize,mpl-2.0
oxen,gpl-3.0
jmap,mit
xyio,lgpl-3.0+
unix_socket,mit
underscore,mit
unrar_sys,mit
unrar,mit
unshare,mit
units,mit
unjson,mit
unify,mit
unidecode,bsd-3-clause
union-find,mit
unsafe_ls,mit/apache-1.0
unsafe-any,mit
unicode_names,mit/apache-2.0
unicode_names_macros,mit/apache-2.0
unicode_hfwidth,mit
unicows-sys,mit
unicode-segmentation,mit/apache-2.0
unicode-width,mit/apache-2.0
unicase,mit
unicode-normalization,mit/apache-2.0
unicode-xid,mit/apache-2.0
unicode-bidi,mit / apache-2.0
uninitialized,mit
unreachable,mit
unreliable-message,mit
hhsetup-sys,mit
roman,unlicense
roots,bsd-2-clause
rometadata-sys,mit
rollsum,bsd-3-clause
rotor,mit
rotor-http,mit
router,mit
routing,gpl-3.0
routeros_rust,gpl-3.0
route-recognizer,mit
rodio,apache-2.0
ropey,cc0-1.0
rope,mit
rocky,mit
rocksdb-sys,mit/apache-2.0
rocksdb,apache-2.0
rovr,mit
roaring,mit
robotparser,mit
rogue,mit
rot13,mit
osmesa-sys,cc0-1.0
osptk-sys,mit
python3-sys,python-2.0
python_rub,mit
python_mixin,mit/apache-2.0
python27-sys,python-2.0
pyltime,bsd-3-clause
crc32,mit
cryptosphere,mit
cryptxml-sys,mit
crypt,mit
crypto,mit
cryptnet-sys,mit
cryptdll-sys,mit
cryptography,apache-2.0
cryptui-sys,mit
crypto_vault,mit
crypt32-sys,mit
crates-io,mit/apache-2.0
crates-index,apache-2.0
crates,zed
crate-deps,apache-2.0
crates_io_test_crate_foo,isc
crates_io_test_crate,isc
crate,mit
credui-sys,mit
crdt,apache-2.0
cronparse,mit
cron,mit
crusadertest2,mit/apache-2.0
crust,gpl-3.0
crusadertest1,mit/apache-2.0
crc64,bsd-3-clause
crc64-rs,bsd-3-clause
crc24,mit/apache-2.0
crossbeam,apache-2.0/mit
crc16,mit
svd_macros,mit/apache-2.0
svcguid-sys,mit
fhsvcctl-sys,mit
yaml,mit
yaml-rust,mit
yabs,bsd-3-clause
x11-dl,cc0-1.0
x11cap,mit
ilog2,mit
vfw32-sys,mit
book,mit
bodyparser,mit
bourbaki,mit
box2d,mit
boehm_gc,mit
bounded-spsc-queue,apache-2.0
world-file,apache-2.0
worldgen,apache-2.0
workspaceax-sys,mit
word_count,mit
wow32-sys,mit
ksproxy-sys,mit
ksuser-sys,mit
guessing_game,mit
guilt-by-association,mit
hematite,gpl-2.0
heapsize,mpl-2.0
heapsize_plugin,mpl-2.0
hello,mit
heatmap,mit
heliotrope,mit
hex2d-dpcext,mit
hex2d,mit
heartbeat,mit
hexfloat,mit/apache-2.0
herpderp,mit
heredoc,bsd-3-clause
xinput9_1_0-sys,mit
xinput-sys,mit
grabbag,mit
grabbag_macros,mit
groups,gpl-3.0
groupable,mit
graphql,non-standard
graphite,mit
graphsearch,mit
graph-search,mit
graph,apache-2.0
gravatar,bsd-3-clause
grim,mit
grust,lgpl-2.1+
groove,mit
dual_quaternion,mit
duktape_sys,mit
duktape,unlicense
duktape_ffi,mit
dumbmath,apache-2.0
durite,non-standard
jit_macros,mit
